Model,RMSE,MAE
Prophet,2462.99,2462.99
ARIMA,28602.545641952922,25666.0
SARIMAX,80929.01735664358,73866.72619568984
