Server,Total_Items,Void_Count,Void_Rate,Void_Z_Score
Pooling 2,48,18,0.375,4.838563168240477
Abigail Mellard,95,21,0.22105263157894736,2.539794841918964
